,SEASON_1,SEASON_2,TEAM_ID,TEAM_NAME,PLAYER_ID,PLAYER_NAME,POSITION_GROUP,POSITION,GAME_DATE,GAME_ID,HOME_TEAM,AWAY_TEAM,EVENT_TYPE,SHOT_MADE,ACTION_TYPE,SHOT_TYPE,BASIC_ZONE,ZONE_NAME,ZONE_ABB,ZONE_RANGE,LOC_X,LOC_Y,SHOT_DISTANCE,QUARTER,MINS_LEFT,SECS_LEFT
146334,2018,2017-18,1610612753,Orlando Magic,203613,Jonathon Simmons,G,SG,12-09-2017,21700378,ATL,ORL,Missed Shot,False,Pullup Jump shot,3PT Field Goal,Above the Break 3,Left Side Center,LC,24+ ft.,16.3,24.75,25,4,0,3
146342,2018,2017-18,1610612753,Orlando Magic,203901,Elfrid Payton,G,PG,12-09-2017,21700378,ATL,ORL,Missed Shot,False,Running Jump Shot,3PT Field Goal,Above the Break 3,Left Side Center,LC,24+ ft.,14.9,26.25,25,4,0,13
146344,2018,2017-18,1610612737,Atlanta Hawks,203145,Kent Bazemore,G,SG,12-09-2017,21700378,ATL,ORL,Made Shot,True,Running Dunk Shot,2PT Field Goal,Restricted Area,Center,C,Less Than 8 ft.,0.8,5.85,1,4,0,18
146347,2018,2017-18,1610612753,Orlando Magic,202714,Shelvin Mack,G,PG,12-09-2017,21700378,ATL,ORL,Missed Shot,False,Jump Shot,3PT Field Goal,Left Corner 3,Left Side,L,24+ ft.,22.5,5.05,22,4,0,23
146349,2018,2017-18,1610612737,Atlanta Hawks,203145,Kent Bazemore,G,SG,12-09-2017,21700378,ATL,ORL,Made Shot,True,Running Dunk Shot,2PT Field Goal,Restricted Area,Center,C,Less Than 8 ft.,0.7,5.35,0,4,0,36
146365,2018,2017-18,1610612753,Orlando Magic,202696,Nikola Vucevic,C,C,12-09-2017,21700378,ATL,ORL,Made Shot,True,Layup Shot,2PT Field Goal,In The Paint (Non-RA),Center,C,Less Than 8 ft.,-0.7,9.25,4,4,1,12
146387,2018,2017-18,1610612753,Orlando Magic,1626209,Mario Hezonja,F,SF,12-09-2017,21700378,ATL,ORL,Missed Shot,False,Pullup Jump shot,3PT Field Goal,Above the Break 3,Center,C,24+ ft.,0.9,30.05,24,4,1,48
146393,2018,2017-18,1610612737,Atlanta Hawks,203471,Dennis Schroder,G,PG,12-09-2017,21700378,ATL,ORL,Missed Shot,False,Reverse Layup Shot,2PT Field Goal,Restricted Area,Center,C,Less Than 8 ft.,1.1,6.75,1,4,2,12
146406,2018,2017-18,1610612753,Orlando Magic,202696,Nikola Vucevic,C,C,12-09-2017,21700378,ATL,ORL,Missed Shot,False,Jump Shot,3PT Field Goal,Above the Break 3,Center,C,24+ ft.,-0.3,30.35,25,4,2,30
146424,2018,2017-18,1610612737,Atlanta Hawks,201158,Marco Belinelli,G,SG,12-09-2017,21700378,ATL,ORL,Missed Shot,False,Jump Shot,3PT Field Goal,Above the Break 3,Center,C,24+ ft.,7.2,29.45,25,4,2,50
146444,2018,2017-18,1610612753,Orlando Magic,203613,Jonathon Simmons,G,SG,12-09-2017,21700378,ATL,ORL,Made Shot,True,Jump Shot,3PT Field Goal,Above the Break 3,Center,C,24+ ft.,4.2,30.25,25,4,3,49
146452,2018,2017-18,1610612737,Atlanta Hawks,203471,Dennis Schroder,G,PG,12-09-2017,21700378,ATL,ORL,Missed Shot,False,Driving Layup Shot,2PT Field Goal,In The Paint (Non-RA),Center,C,Less Than 8 ft.,0.7,12.65,7,4,4,1
146471,2018,2017-18,1610612737,Atlanta Hawks,101141,Ersan Ilyasova,F,PF,12-09-2017,21700378,ATL,ORL,Made Shot,True,Driving Layup Shot,2PT Field Goal,Restricted Area,Center,C,Less Than 8 ft.,0.5,9.05,3,4,4,26
146485,2018,2017-18,1610612753,Orlando Magic,1626209,Mario Hezonja,F,SF,12-09-2017,21700378,ATL,ORL,Made Shot,True,Jump Shot,3PT Field Goal,Right Corner 3,Right Side,R,24+ ft.,-22.8,12.05,23,4,4,50
146492,2018,2017-18,1610612737,Atlanta Hawks,203145,Kent Bazemore,G,SG,12-09-2017,21700378,ATL,ORL,Missed Shot,False,Pullup Jump shot,3PT Field Goal,Above the Break 3,Center,C,24+ ft.,3.9,30.65,25,4,5,3
146496,2018,2017-18,1610612753,Orlando Magic,1626209,Mario Hezonja,F,SF,12-09-2017,21700378,ATL,ORL,Missed Shot,False,Jump Shot,3PT Field Goal,Above the Break 3,Left Side Center,LC,24+ ft.,8.2,28.85,24,4,5,28
146503,2018,2017-18,1610612753,Orlando Magic,202714,Shelvin Mack,G,PG,12-09-2017,21700378,ATL,ORL,Missed Shot,False,Pullup Jump shot,2PT Field Goal,Mid-Range,Left Side,L,8-16 ft.,10.0,5.15,10,4,5,38
146510,2018,2017-18,1610612737,Atlanta Hawks,203471,Dennis Schroder,G,PG,12-09-2017,21700378,ATL,ORL,Missed Shot,False,Driving Floating Jump Shot,2PT Field Goal,In The Paint (Non-RA),Center,C,8-16 ft.,0.3,16.75,11,4,6,4
146516,2018,2017-18,1610612737,Atlanta Hawks,203471,Dennis Schroder,G,PG,12-09-2017,21700378,ATL,ORL,Missed Shot,False,Driving Floating Bank Jump Shot,2PT Field Goal,Mid-Range,Left Side,L,8-16 ft.,8.5,14.25,12,4,6,12
146543,2018,2017-18,1610612753,Orlando Magic,203613,Jonathon Simmons,G,SG,12-09-2017,21700378,ATL,ORL,Made Shot,True,Cutting Dunk Shot,2PT Field Goal,Restricted Area,Center,C,Less Than 8 ft.,-0.6,6.65,1,4,6,27
146552,2018,2017-18,1610612753,Orlando Magic,203613,Jonathon Simmons,G,SG,12-09-2017,21700378,ATL,ORL,Made Shot,True,Running Layup Shot,2PT Field Goal,Restricted Area,Center,C,Less Than 8 ft.,0.6,6.25,1,4,6,56
146558,2018,2017-18,1610612737,Atlanta Hawks,1628463,Tyler Cavanaugh,F,PF,12-09-2017,21700378,ATL,ORL,Missed Shot,False,Putback Layup Shot,2PT Field Goal,Restricted Area,Center,C,Less Than 8 ft.,0.8,6.35,1,4,7,2
146562,2018,2017-18,1610612737,Atlanta Hawks,1627761,DeAndre' Bembry,F,SF,12-09-2017,21700378,ATL,ORL,Missed Shot,False,Tip Layup Shot,2PT Field Goal,Restricted Area,Center,C,Less Than 8 ft.,-0.0,4.65,0,4,7,5
146570,2018,2017-18,1610612737,Atlanta Hawks,1627761,DeAndre' Bembry,F,SF,12-09-2017,21700378,ATL,ORL,Missed Shot,False,Jump Shot,2PT Field Goal,In The Paint (Non-RA),Center,C,8-16 ft.,1.3,14.75,9,4,7,10
146576,2018,2017-18,1610612753,Orlando Magic,203613,Jonathon Simmons,G,SG,12-09-2017,21700378,ATL,ORL,Made Shot,True,Driving Floating Jump Shot,2PT Field Goal,Restricted Area,Center,C,Less Than 8 ft.,3.7,5.85,3,4,7,29
146585,2018,2017-18,1610612737,Atlanta Hawks,203145,Kent Bazemore,G,SG,12-09-2017,21700378,ATL,ORL,Made Shot,True,Jump Shot,3PT Field Goal,Right Corner 3,Right Side,R,24+ ft.,-23.3,3.35,23,4,7,43
146587,2018,2017-18,1610612753,Orlando Magic,203613,Jonathon Simmons,G,SG,12-09-2017,21700378,ATL,ORL,Made Shot,True,Driving Floating Jump Shot,2PT Field Goal,Restricted Area,Center,C,Less Than 8 ft.,-1.1,6.85,1,4,8,0
146605,2018,2017-18,1610612737,Atlanta Hawks,201158,Marco Belinelli,G,SG,12-09-2017,21700378,ATL,ORL,Made Shot,True,Running Jump Shot,3PT Field Goal,Above the Break 3,Right Side Center,RC,24+ ft.,-18.3,22.45,25,4,8,24
146614,2018,2017-18,1610612737,Atlanta Hawks,201158,Marco Belinelli,G,SG,12-09-2017,21700378,ATL,ORL,Made Shot,True,Jump Shot,3PT Field Goal,Above the Break 3,Left Side Center,LC,24+ ft.,8.8,28.45,24,4,8,40
146615,2018,2017-18,1610612753,Orlando Magic,203613,Jonathon Simmons,G,SG,12-09-2017,21700378,ATL,ORL,Made Shot,True,Putback Layup Shot,2PT Field Goal,Restricted Area,Center,C,Less Than 8 ft.,-1.6,7.85,3,4,8,57
146620,2018,2017-18,1610612753,Orlando Magic,201167,Arron Afflalo,G,SG,12-09-2017,21700378,ATL,ORL,Missed Shot,False,Jump Shot,3PT Field Goal,Right Corner 3,Right Side,R,24+ ft.,-22.6,7.95,22,4,9,2
146646,2018,2017-18,1610612737,Atlanta Hawks,203145,Kent Bazemore,G,SG,12-09-2017,21700378,ATL,ORL,Missed Shot,False,Jump Shot,3PT Field Goal,Above the Break 3,Center,C,24+ ft.,-4.8,30.15,25,4,9,48
146654,2018,2017-18,1610612753,Orlando Magic,202687,Bismack Biyombo,C,C,12-09-2017,21700378,ATL,ORL,Made Shot,True,Cutting Dunk Shot,2PT Field Goal,Restricted Area,Center,C,Less Than 8 ft.,-0.1,5.85,0,4,10,19
146662,2018,2017-18,1610612737,Atlanta Hawks,201158,Marco Belinelli,G,SG,12-09-2017,21700378,ATL,ORL,Made Shot,True,Reverse Layup Shot,2PT Field Goal,Restricted Area,Center,C,Less Than 8 ft.,-0.3,6.25,1,4,10,34
146666,2018,2017-18,1610612753,Orlando Magic,1628411,Wes Iwundu,F,SF,12-09-2017,21700378,ATL,ORL,Missed Shot,False,Step Back Jump shot,3PT Field Goal,Above the Break 3,Right Side Center,RC,24+ ft.,-21.8,16.75,24,4,10,43
146674,2018,2017-18,1610612753,Orlando Magic,201571,D.J. Augustin,G,PG,12-09-2017,21700378,ATL,ORL,Missed Shot,False,Jump Shot,3PT Field Goal,Above the Break 3,Left Side Center,LC,24+ ft.,18.2,21.15,24,4,10,52
146690,2018,2017-18,1610612753,Orlando Magic,202714,Shelvin Mack,G,PG,12-09-2017,21700378,ATL,ORL,Made Shot,True,Jump Shot,3PT Field Goal,Left Corner 3,Left Side,L,24+ ft.,23.1,12.75,24,4,11,16
146696,2018,2017-18,1610612737,Atlanta Hawks,1627819,Isaiah Taylor,G,PG,12-09-2017,21700378,ATL,ORL,Made Shot,True,Driving Layup Shot,2PT Field Goal,In The Paint (Non-RA),Center,C,8-16 ft.,0.5,13.65,8,4,11,45
146716,2018,2017-18,1610612753,Orlando Magic,201571,D.J. Augustin,G,PG,12-09-2017,21700378,ATL,ORL,Missed Shot,False,Jump Shot,3PT Field Goal,Backcourt,Back Court,BC,Back Court Shot,13.0,68.25,64,3,0,0
146718,2018,2017-18,1610612737,Atlanta Hawks,1627819,Isaiah Taylor,G,PG,12-09-2017,21700378,ATL,ORL,Made Shot,True,Driving Layup Shot,2PT Field Goal,Restricted Area,Center,C,Less Than 8 ft.,-0.3,8.45,3,3,0,1
146721,2018,2017-18,1610612737,Atlanta Hawks,1627819,Isaiah Taylor,G,PG,12-09-2017,21700378,ATL,ORL,Missed Shot,False,Pullup Jump shot,3PT Field Goal,Above the Break 3,Center,C,24+ ft.,4.1,29.05,24,3,0,14
146725,2018,2017-18,1610612753,Orlando Magic,202714,Shelvin Mack,G,PG,12-09-2017,21700378,ATL,ORL,Missed Shot,False,Pullup Jump shot,2PT Field Goal,Mid-Range,Right Side Center,RC,16-24 ft.,-7.9,20.55,17,3,0,33
146739,2018,2017-18,1610612737,Atlanta Hawks,1628463,Tyler Cavanaugh,F,PF,12-09-2017,21700378,ATL,ORL,Made Shot,True,Jump Shot,3PT Field Goal,Above the Break 3,Right Side Center,RC,24+ ft.,-10.0,28.85,25,3,0,42
146744,2018,2017-18,1610612753,Orlando Magic,201167,Arron Afflalo,G,SG,12-09-2017,21700378,ATL,ORL,Made Shot,True,Cutting Layup Shot,2PT Field Goal,Restricted Area,Center,C,Less Than 8 ft.,-0.5,6.15,1,3,1,3
146752,2018,2017-18,1610612737,Atlanta Hawks,1628463,Tyler Cavanaugh,F,PF,12-09-2017,21700378,ATL,ORL,Made Shot,True,Running Layup Shot,2PT Field Goal,Restricted Area,Center,C,Less Than 8 ft.,-1.1,6.25,1,3,1,16
146755,2018,2017-18,1610612753,Orlando Magic,202696,Nikola Vucevic,C,C,12-09-2017,21700378,ATL,ORL,Missed Shot,False,Floating Jump shot,2PT Field Goal,Mid-Range,Right Side,R,8-16 ft.,-10.4,6.35,10,3,1,23
146763,2018,2017-18,1610612753,Orlando Magic,202714,Shelvin Mack,G,PG,12-09-2017,21700378,ATL,ORL,Made Shot,True,Driving Finger Roll Layup Shot,2PT Field Goal,Restricted Area,Center,C,Less Than 8 ft.,-0.8,8.15,3,3,1,51
146767,2018,2017-18,1610612737,Atlanta Hawks,201158,Marco Belinelli,G,SG,12-09-2017,21700378,ATL,ORL,Made Shot,True,Pullup Jump shot,2PT Field Goal,Mid-Range,Right Side Center,RC,16-24 ft.,-10.2,22.15,19,3,2,7
146771,2018,2017-18,1610612753,Orlando Magic,202696,Nikola Vucevic,C,C,12-09-2017,21700378,ATL,ORL,Made Shot,True,Jump Shot,2PT Field Goal,Mid-Range,Right Side Center,RC,16-24 ft.,-10.6,22.85,20,3,2,30
146784,2018,2017-18,1610612737,Atlanta Hawks,201158,Marco Belinelli,G,SG,12-09-2017,21700378,ATL,ORL,Missed Shot,False,Jump Shot,3PT Field Goal,Left Corner 3,Left Side,L,24+ ft.,22.3,4.85,22,3,2,43
146789,2018,2017-18,1610612753,Orlando Magic,1628411,Wes Iwundu,F,SF,12-09-2017,21700378,ATL,ORL,Made Shot,True,Cutting Layup Shot,2PT Field Goal,Restricted Area,Center,C,Less Than 8 ft.,-0.2,6.55,1,3,2,56
146806,2018,2017-18,1610612753,Orlando Magic,202696,Nikola Vucevic,C,C,12-09-2017,21700378,ATL,ORL,Made Shot,True,Jump Shot,3PT Field Goal,Above the Break 3,Center,C,24+ ft.,-1.3,31.35,26,3,3,28
146824,2018,2017-18,1610612737,Atlanta Hawks,203471,Dennis Schroder,G,PG,12-09-2017,21700378,ATL,ORL,Made Shot,True,Driving Floating Jump Shot,2PT Field Goal,In The Paint (Non-RA),Center,C,8-16 ft.,-4.8,16.25,12,3,3,44
146826,2018,2017-18,1610612753,Orlando Magic,203901,Elfrid Payton,G,PG,12-09-2017,21700378,ATL,ORL,Made Shot,True,Running Jump Shot,2PT Field Goal,Mid-Range,Center,C,16-24 ft.,-4.5,24.45,19,3,3,56
146832,2018,2017-18,1610612737,Atlanta Hawks,1627761,DeAndre' Bembry,F,SF,12-09-2017,21700378,ATL,ORL,Made Shot,True,Jump Shot,3PT Field Goal,Above the Break 3,Left Side Center,LC,24+ ft.,18.6,21.65,24,3,4,10
146851,2018,2017-18,1610612737,Atlanta Hawks,1627761,DeAndre' Bembry,F,SF,12-09-2017,21700378,ATL,ORL,Missed Shot,False,Driving Floating Jump Shot,2PT Field Goal,In The Paint (Non-RA),Center,C,8-16 ft.,-0.5,18.25,13,3,4,46
146854,2018,2017-18,1610612753,Orlando Magic,203901,Elfrid Payton,G,PG,12-09-2017,21700378,ATL,ORL,Made Shot,True,Driving Floating Jump Shot,2PT Field Goal,In The Paint (Non-RA),Center,C,8-16 ft.,-0.8,17.95,12,3,5,4
146864,2018,2017-18,1610612737,Atlanta Hawks,203471,Dennis Schroder,G,PG,12-09-2017,21700378,ATL,ORL,Missed Shot,False,Pullup Jump shot,2PT Field Goal,Mid-Range,Left Side,L,16-24 ft.,16.0,10.75,16,3,5,17
146869,2018,2017-18,1610612753,Orlando Magic,203613,Jonathon Simmons,G,SG,12-09-2017,21700378,ATL,ORL,Missed Shot,False,Jump Shot,3PT Field Goal,Above the Break 3,Left Side Center,LC,24+ ft.,8.4,29.15,25,3,5,29
146875,2018,2017-18,1610612737,Atlanta Hawks,1627752,Taurean Prince,F,SF,12-09-2017,21700378,ATL,ORL,Missed Shot,False,Jump Shot,3PT Field Goal,Above the Break 3,Center,C,24+ ft.,7.1,29.35,25,3,5,47
146879,2018,2017-18,1610612753,Orlando Magic,202696,Nikola Vucevic,C,C,12-09-2017,21700378,ATL,ORL,Made Shot,True,Jump Shot,2PT Field Goal,Mid-Range,Right Side,R,8-16 ft.,-12.1,13.15,14,3,6,10
146904,2018,2017-18,1610612753,Orlando Magic,203613,Jonathon Simmons,G,SG,12-09-2017,21700378,ATL,ORL,Made Shot,True,Cutting Layup Shot,2PT Field Goal,Restricted Area,Center,C,Less Than 8 ft.,-0.6,5.75,0,3,6,37
146912,2018,2017-18,1610612737,Atlanta Hawks,101141,Ersan Ilyasova,F,PF,12-09-2017,21700378,ATL,ORL,Made Shot,True,Jump Shot,3PT Field Goal,Right Corner 3,Right Side,R,24+ ft.,-22.3,10.65,22,3,6,50
146918,2018,2017-18,1610612753,Orlando Magic,202696,Nikola Vucevic,C,C,12-09-2017,21700378,ATL,ORL,Made Shot,True,Jump Shot,3PT Field Goal,Above the Break 3,Center,C,24+ ft.,2.4,30.05,24,3,7,10
146922,2018,2017-18,1610612737,Atlanta Hawks,203145,Kent Bazemore,G,SG,12-09-2017,21700378,ATL,ORL,Made Shot,True,Driving Layup Shot,2PT Field Goal,Restricted Area,Center,C,Less Than 8 ft.,-0.8,6.75,1,3,7,26
146928,2018,2017-18,1610612753,Orlando Magic,203613,Jonathon Simmons,G,SG,12-09-2017,21700378,ATL,ORL,Made Shot,True,Driving Layup Shot,2PT Field Goal,Restricted Area,Center,C,Less Than 8 ft.,-0.2,7.75,2,3,7,39
146944,2018,2017-18,1610612753,Orlando Magic,203613,Jonathon Simmons,G,SG,12-09-2017,21700378,ATL,ORL,Missed Shot,False,Pullup Jump shot,2PT Field Goal,Mid-Range,Right Side Center,RC,16-24 ft.,-14.4,17.85,19,3,7,54
146968,2018,2017-18,1610612737,Atlanta Hawks,203471,Dennis Schroder,G,PG,12-09-2017,21700378,ATL,ORL,Missed Shot,False,Pullup Jump shot,2PT Field Goal,Mid-Range,Right Side,R,8-16 ft.,-11.8,6.35,11,3,8,18
146974,2018,2017-18,1610612753,Orlando Magic,203901,Elfrid Payton,G,PG,12-09-2017,21700378,ATL,ORL,Made Shot,True,Cutting Layup Shot,2PT Field Goal,Restricted Area,Center,C,Less Than 8 ft.,-0.3,6.75,1,3,8,35
146984,2018,2017-18,1610612737,Atlanta Hawks,1627752,Taurean Prince,F,SF,12-09-2017,21700378,ATL,ORL,Missed Shot,False,Jump Shot,3PT Field Goal,Left Corner 3,Left Side,L,24+ ft.,22.3,6.35,22,3,8,54
146989,2018,2017-18,1610612737,Atlanta Hawks,1627752,Taurean Prince,F,SF,12-09-2017,21700378,ATL,ORL,Missed Shot,False,Driving Layup Shot,2PT Field Goal,Restricted Area,Center,C,Less Than 8 ft.,1.3,7.75,2,3,8,59
146992,2018,2017-18,1610612753,Orlando Magic,203613,Jonathon Simmons,G,SG,12-09-2017,21700378,ATL,ORL,Made Shot,True,Hook Shot,2PT Field Goal,In The Paint (Non-RA),Right Side,R,8-16 ft.,-5.0,13.65,9,3,9,12
146998,2018,2017-18,1610612737,Atlanta Hawks,203145,Kent Bazemore,G,SG,12-09-2017,21700378,ATL,ORL,Made Shot,True,Jump Shot,3PT Field Goal,Above the Break 3,Right Side Center,RC,24+ ft.,-9.8,29.15,25,3,9,27
147007,2018,2017-18,1610612753,Orlando Magic,203901,Elfrid Payton,G,PG,12-09-2017,21700378,ATL,ORL,Missed Shot,False,Step Back Jump shot,3PT Field Goal,Right Corner 3,Right Side,R,24+ ft.,-22.6,7.25,22,3,9,43
147024,2018,2017-18,1610612737,Atlanta Hawks,101141,Ersan Ilyasova,F,PF,12-09-2017,21700378,ATL,ORL,Made Shot,True,Turnaround Jump Shot,2PT Field Goal,In The Paint (Non-RA),Center,C,8-16 ft.,0.3,16.25,11,3,9,54
147039,2018,2017-18,1610612737,Atlanta Hawks,203145,Kent Bazemore,G,SG,12-09-2017,21700378,ATL,ORL,Made Shot,True,Jump Shot,3PT Field Goal,Above the Break 3,Right Side Center,RC,24+ ft.,-12.3,26.35,24,3,10,16
147058,2018,2017-18,1610612753,Orlando Magic,202696,Nikola Vucevic,C,C,12-09-2017,21700378,ATL,ORL,Made Shot,True,Running Jump Shot,3PT Field Goal,Above the Break 3,Center,C,24+ ft.,0.3,30.35,25,3,10,52
147065,2018,2017-18,1610612737,Atlanta Hawks,203101,Miles Plumlee,C,C,12-09-2017,21700378,ATL,ORL,Missed Shot,False,Cutting Layup Shot,2PT Field Goal,Restricted Area,Center,C,Less Than 8 ft.,0.6,6.75,1,3,10,59
147070,2018,2017-18,1610612753,Orlando Magic,202696,Nikola Vucevic,C,C,12-09-2017,21700378,ATL,ORL,Made Shot,True,Jump Shot,2PT Field Goal,Mid-Range,Right Side Center,RC,16-24 ft.,-8.3,22.05,18,3,11,21
147074,2018,2017-18,1610612737,Atlanta Hawks,203471,Dennis Schroder,G,PG,12-09-2017,21700378,ATL,ORL,Made Shot,True,Pullup Jump shot,2PT Field Goal,Mid-Range,Left Side Center,LC,16-24 ft.,9.9,19.05,16,3,11,39
147120,2018,2017-18,1610612737,Atlanta Hawks,203471,Dennis Schroder,G,PG,12-09-2017,21700378,ATL,ORL,Made Shot,True,Pullup Jump shot,2PT Field Goal,Mid-Range,Left Side,L,8-16 ft.,10.1,6.95,10,2,0,0
147123,2018,2017-18,1610612753,Orlando Magic,203613,Jonathon Simmons,G,SG,12-09-2017,21700378,ATL,ORL,Made Shot,True,Pullup Jump shot,2PT Field Goal,Mid-Range,Center,C,16-24 ft.,-2.7,21.95,16,2,0,11
147134,2018,2017-18,1610612753,Orlando Magic,201571,D.J. Augustin,G,PG,12-09-2017,21700378,ATL,ORL,Made Shot,True,Running Layup Shot,2PT Field Goal,Restricted Area,Center,C,Less Than 8 ft.,0.8,7.45,2,2,0,51
147141,2018,2017-18,1610612753,Orlando Magic,1626209,Mario Hezonja,F,SF,12-09-2017,21700378,ATL,ORL,Missed Shot,False,Jump Shot,3PT Field Goal,Above the Break 3,Center,C,24+ ft.,-4.6,30.35,25,2,1,10
147145,2018,2017-18,1610612753,Orlando Magic,203613,Jonathon Simmons,G,SG,12-09-2017,21700378,ATL,ORL,Missed Shot,False,Jump Shot,3PT Field Goal,Right Corner 3,Right Side,R,24+ ft.,-23.0,13.15,24,2,1,16
147181,2018,2017-18,1610612753,Orlando Magic,1628411,Wes Iwundu,F,SF,12-09-2017,21700378,ATL,ORL,Missed Shot,False,Cutting Layup Shot,2PT Field Goal,Restricted Area,Center,C,Less Than 8 ft.,-0.2,6.95,1,2,1,26
147189,2018,2017-18,1610612737,Atlanta Hawks,1627752,Taurean Prince,F,SF,12-09-2017,21700378,ATL,ORL,Made Shot,True,Jump Shot,3PT Field Goal,Above the Break 3,Right Side Center,RC,24+ ft.,-15.4,26.25,26,2,1,47
147194,2018,2017-18,1610612753,Orlando Magic,202696,Nikola Vucevic,C,C,12-09-2017,21700378,ATL,ORL,Made Shot,True,Jump Shot,3PT Field Goal,Above the Break 3,Center,C,24+ ft.,1.9,29.85,24,2,2,3
147201,2018,2017-18,1610612737,Atlanta Hawks,203471,Dennis Schroder,G,PG,12-09-2017,21700378,ATL,ORL,Missed Shot,False,Running Jump Shot,3PT Field Goal,Above the Break 3,Left Side Center,LC,24+ ft.,18.0,22.45,24,2,2,15
147207,2018,2017-18,1610612753,Orlando Magic,201571,D.J. Augustin,G,PG,12-09-2017,21700378,ATL,ORL,Missed Shot,False,Driving Layup Shot,2PT Field Goal,Restricted Area,Center,C,Less Than 8 ft.,-1.0,6.55,1,2,2,20
147215,2018,2017-18,1610612737,Atlanta Hawks,1627752,Taurean Prince,F,SF,12-09-2017,21700378,ATL,ORL,Made Shot,True,Driving Layup Shot,2PT Field Goal,Restricted Area,Center,C,Less Than 8 ft.,-1.1,6.75,1,2,2,31
147217,2018,2017-18,1610612753,Orlando Magic,201571,D.J. Augustin,G,PG,12-09-2017,21700378,ATL,ORL,Made Shot,True,Jump Shot,3PT Field Goal,Above the Break 3,Left Side Center,LC,24+ ft.,19.5,20.15,24,2,2,48
147225,2018,2017-18,1610612737,Atlanta Hawks,203471,Dennis Schroder,G,PG,12-09-2017,21700378,ATL,ORL,Made Shot,True,Driving Reverse Layup Shot,2PT Field Goal,Restricted Area,Center,C,Less Than 8 ft.,0.5,5.35,0,2,3,2
147254,2018,2017-18,1610612737,Atlanta Hawks,202337,Luke Babbitt,F,SF,12-09-2017,21700378,ATL,ORL,Missed Shot,False,Pullup Jump shot,2PT Field Goal,Mid-Range,Center,C,8-16 ft.,0.4,20.55,15,2,3,27
147261,2018,2017-18,1610612753,Orlando Magic,202714,Shelvin Mack,G,PG,12-09-2017,21700378,ATL,ORL,Missed Shot,False,Driving Reverse Layup Shot,2PT Field Goal,Restricted Area,Center,C,Less Than 8 ft.,1.4,7.25,2,2,3,36
147274,2018,2017-18,1610612737,Atlanta Hawks,203471,Dennis Schroder,G,PG,12-09-2017,21700378,ATL,ORL,Missed Shot,False,Driving Layup Shot,2PT Field Goal,Restricted Area,Center,C,Less Than 8 ft.,0.8,7.65,2,2,3,45
147277,2018,2017-18,1610612753,Orlando Magic,1628411,Wes Iwundu,F,SF,12-09-2017,21700378,ATL,ORL,Missed Shot,False,Pullup Jump shot,2PT Field Goal,Mid-Range,Center,C,16-24 ft.,1.1,21.55,16,2,4,9
147292,2018,2017-18,1610612737,Atlanta Hawks,101141,Ersan Ilyasova,F,PF,12-09-2017,21700378,ATL,ORL,Made Shot,True,Jump Shot,3PT Field Goal,Above the Break 3,Center,C,24+ ft.,-3.4,29.95,24,2,4,37
147303,2018,2017-18,1610612737,Atlanta Hawks,203471,Dennis Schroder,G,PG,12-09-2017,21700378,ATL,ORL,Missed Shot,False,Pullup Jump shot,3PT Field Goal,Above the Break 3,Left Side Center,LC,24+ ft.,8.7,28.75,25,2,4,45
147308,2018,2017-18,1610612753,Orlando Magic,202696,Nikola Vucevic,C,C,12-09-2017,21700378,ATL,ORL,Missed Shot,False,Jump Shot,2PT Field Goal,Mid-Range,Center,C,16-24 ft.,-2.9,25.45,20,2,4,57
147315,2018,2017-18,1610612737,Atlanta Hawks,1628463,Tyler Cavanaugh,F,PF,12-09-2017,21700378,ATL,ORL,Made Shot,True,Floating Jump shot,2PT Field Goal,In The Paint (Non-RA),Center,C,Less Than 8 ft.,-1.3,9.75,4,2,5,10
147318,2018,2017-18,1610612753,Orlando Magic,202714,Shelvin Mack,G,PG,12-09-2017,21700378,ATL,ORL,Made Shot,True,Jump Shot,3PT Field Goal,Left Corner 3,Left Side,L,24+ ft.,22.4,6.75,22,2,5,29
147323,2018,2017-18,1610612737,Atlanta Hawks,203145,Kent Bazemore,G,SG,12-09-2017,21700378,ATL,ORL,Missed Shot,False,Driving Layup Shot,2PT Field Goal,Restricted Area,Center,C,Less Than 8 ft.,-0.2,7.75,2,2,5,38
147326,2018,2017-18,1610612753,Orlando Magic,1626209,Mario Hezonja,F,SF,12-09-2017,21700378,ATL,ORL,Made Shot,True,Cutting Layup Shot,2PT Field Goal,Restricted Area,Center,C,Less Than 8 ft.,-0.6,6.25,1,2,5,54
147332,2018,2017-18,1610612737,Atlanta Hawks,1627752,Taurean Prince,F,SF,12-09-2017,21700378,ATL,ORL,Made Shot,True,Cutting Layup Shot,2PT Field Goal,Restricted Area,Center,C,Less Than 8 ft.,0.2,6.65,1,2,6,12
147339,2018,2017-18,1610612753,Orlando Magic,202696,Nikola Vucevic,C,C,12-09-2017,21700378,ATL,ORL,Made Shot,True,Floating Jump shot,2PT Field Goal,In The Paint (Non-RA),Center,C,8-16 ft.,-2.5,17.35,12,2,6,20
147356,2018,2017-18,1610612737,Atlanta Hawks,203471,Dennis Schroder,G,PG,12-09-2017,21700378,ATL,ORL,Made Shot,True,Jump Shot,3PT Field Goal,Above the Break 3,Left Side Center,LC,24+ ft.,11.8,27.45,25,2,6,46
147360,2018,2017-18,1610612753,Orlando Magic,1628411,Wes Iwundu,F,SF,12-09-2017,21700378,ATL,ORL,Made Shot,True,Running Layup Shot,2PT Field Goal,Restricted Area,Center,C,Less Than 8 ft.,0.7,7.45,2,2,7,3
147383,2018,2017-18,1610612737,Atlanta Hawks,203145,Kent Bazemore,G,SG,12-09-2017,21700378,ATL,ORL,Missed Shot,False,Jump Shot,3PT Field Goal,Left Corner 3,Left Side,L,24+ ft.,22.5,4.65,22,2,7,43
147409,2018,2017-18,1610612753,Orlando Magic,202696,Nikola Vucevic,C,C,12-09-2017,21700378,ATL,ORL,Made Shot,True,Cutting Layup Shot,2PT Field Goal,Restricted Area,Center,C,Less Than 8 ft.,1.1,6.85,1,2,8,3
147416,2018,2017-18,1610612753,Orlando Magic,202696,Nikola Vucevic,C,C,12-09-2017,21700378,ATL,ORL,Missed Shot,False,Jump Shot,3PT Field Goal,Above the Break 3,Center,C,24+ ft.,-1.4,31.05,25,2,8,7
147424,2018,2017-18,1610612737,Atlanta Hawks,1628463,Tyler Cavanaugh,F,PF,12-09-2017,21700378,ATL,ORL,Missed Shot,False,Jump Shot,3PT Field Goal,Above the Break 3,Center,C,24+ ft.,3.1,30.05,24,2,8,18
147426,2018,2017-18,1610612753,Orlando Magic,202696,Nikola Vucevic,C,C,12-09-2017,21700378,ATL,ORL,Made Shot,True,Tip Layup Shot,2PT Field Goal,Restricted Area,Center,C,Less Than 8 ft.,-1.0,7.05,2,2,8,29
147429,2018,2017-18,1610612753,Orlando Magic,1628411,Wes Iwundu,F,SF,12-09-2017,21700378,ATL,ORL,Missed Shot,False,Putback Layup Shot,2PT Field Goal,Restricted Area,Center,C,Less Than 8 ft.,0.1,6.25,1,2,8,35
147434,2018,2017-18,1610612753,Orlando Magic,1626209,Mario Hezonja,F,SF,12-09-2017,21700378,ATL,ORL,Missed Shot,False,Jump Shot,3PT Field Goal,Above the Break 3,Center,C,24+ ft.,1.2,30.35,25,2,8,38
147442,2018,2017-18,1610612737,Atlanta Hawks,1628463,Tyler Cavanaugh,F,PF,12-09-2017,21700378,ATL,ORL,Made Shot,True,Step Back Jump shot,3PT Field Goal,Right Corner 3,Right Side,R,24+ ft.,-22.6,11.35,23,2,8,52
147443,2018,2017-18,1610612753,Orlando Magic,202696,Nikola Vucevic,C,C,12-09-2017,21700378,ATL,ORL,Made Shot,True,Turnaround Hook Shot,2PT Field Goal,In The Paint (Non-RA),Center,C,8-16 ft.,1.1,17.75,12,2,9,10
147447,2018,2017-18,1610612737,Atlanta Hawks,1627819,Isaiah Taylor,G,PG,12-09-2017,21700378,ATL,ORL,Missed Shot,False,Driving Layup Shot,2PT Field Goal,Restricted Area,Center,C,Less Than 8 ft.,0.2,6.55,1,2,9,24
147482,2018,2017-18,1610612753,Orlando Magic,1626209,Mario Hezonja,F,SF,12-09-2017,21700378,ATL,ORL,Missed Shot,False,Pullup Jump shot,2PT Field Goal,Mid-Range,Right Side Center,RC,16-24 ft.,-9.8,20.55,18,2,9,58
147490,2018,2017-18,1610612737,Atlanta Hawks,203101,Miles Plumlee,C,C,12-09-2017,21700378,ATL,ORL,Missed Shot,False,Cutting Layup Shot,2PT Field Goal,Restricted Area,Center,C,Less Than 8 ft.,-0.7,6.65,1,2,10,9
147494,2018,2017-18,1610612753,Orlando Magic,202687,Bismack Biyombo,C,C,12-09-2017,21700378,ATL,ORL,Missed Shot,False,Fadeaway Jump Shot,2PT Field Goal,In The Paint (Non-RA),Center,C,8-16 ft.,1.7,17.05,11,2,10,19
147502,2018,2017-18,1610612737,Atlanta Hawks,201158,Marco Belinelli,G,SG,12-09-2017,21700378,ATL,ORL,Missed Shot,False,Jump Shot,3PT Field Goal,Above the Break 3,Center,C,24+ ft.,-1.1,29.95,24,2,10,33
147507,2018,2017-18,1610612753,Orlando Magic,201571,D.J. Augustin,G,PG,12-09-2017,21700378,ATL,ORL,Missed Shot,False,Step Back Jump shot,3PT Field Goal,Above the Break 3,Left Side Center,LC,24+ ft.,14.4,25.15,24,2,10,43
147533,2018,2017-18,1610612753,Orlando Magic,202687,Bismack Biyombo,C,C,12-09-2017,21700378,ATL,ORL,Missed Shot,False,Hook Shot,2PT Field Goal,Restricted Area,Center,C,Less Than 8 ft.,0.2,7.85,2,2,11,10
147538,2018,2017-18,1610612753,Orlando Magic,1628411,Wes Iwundu,F,SF,12-09-2017,21700378,ATL,ORL,Missed Shot,False,Pullup Jump shot,2PT Field Goal,Mid-Range,Left Side Center,LC,16-24 ft.,9.3,18.55,16,2,11,14
147542,2018,2017-18,1610612737,Atlanta Hawks,1627761,DeAndre' Bembry,F,SF,12-09-2017,21700378,ATL,ORL,Missed Shot,False,Driving Layup Shot,2PT Field Goal,Restricted Area,Center,C,Less Than 8 ft.,0.3,6.05,0,2,11,28
147546,2018,2017-18,1610612753,Orlando Magic,1628411,Wes Iwundu,F,SF,12-09-2017,21700378,ATL,ORL,Made Shot,True,Jump Shot,3PT Field Goal,Above the Break 3,Center,C,24+ ft.,2.3,29.85,24,2,11,42
147554,2018,2017-18,1610612753,Orlando Magic,1626209,Mario Hezonja,F,SF,12-09-2017,21700378,ATL,ORL,Missed Shot,False,Driving Layup Shot,2PT Field Goal,Restricted Area,Center,C,Less Than 8 ft.,-0.6,6.95,1,2,11,47
147567,2018,2017-18,1610612753,Orlando Magic,203613,Jonathon Simmons,G,SG,12-09-2017,21700378,ATL,ORL,Missed Shot,False,Pullup Jump shot,2PT Field Goal,Mid-Range,Center,C,16-24 ft.,4.1,28.05,23,1,0,0
147571,2018,2017-18,1610612753,Orlando Magic,201571,D.J. Augustin,G,PG,12-09-2017,21700378,ATL,ORL,Missed Shot,False,Pullup Jump shot,2PT Field Goal,Mid-Range,Left Side Center,LC,16-24 ft.,6.5,22.15,18,1,0,13
147585,2018,2017-18,1610612737,Atlanta Hawks,1627819,Isaiah Taylor,G,PG,12-09-2017,21700378,ATL,ORL,Missed Shot,False,Driving Layup Shot,2PT Field Goal,Restricted Area,Center,C,Less Than 8 ft.,0.2,6.15,0,1,0,33
147622,2018,2017-18,1610612753,Orlando Magic,202687,Bismack Biyombo,C,C,12-09-2017,21700378,ATL,ORL,Missed Shot,False,Jump Shot,2PT Field Goal,Mid-Range,Left Side,L,16-24 ft.,14.2,15.45,17,1,1,10
147634,2018,2017-18,1610612753,Orlando Magic,203613,Jonathon Simmons,G,SG,12-09-2017,21700378,ATL,ORL,Missed Shot,False,Pullup Jump shot,2PT Field Goal,Mid-Range,Left Side Center,LC,16-24 ft.,10.4,23.25,20,1,1,41
147649,2018,2017-18,1610612753,Orlando Magic,201571,D.J. Augustin,G,PG,12-09-2017,21700378,ATL,ORL,Missed Shot,False,Step Back Jump shot,3PT Field Goal,Above the Break 3,Right Side Center,RC,24+ ft.,-9.1,28.75,25,1,1,49
147656,2018,2017-18,1610612737,Atlanta Hawks,201158,Marco Belinelli,G,SG,12-09-2017,21700378,ATL,ORL,Made Shot,True,Jump Shot,3PT Field Goal,Above the Break 3,Center,C,24+ ft.,2.2,29.75,24,1,2,10
147661,2018,2017-18,1610612753,Orlando Magic,203613,Jonathon Simmons,G,SG,12-09-2017,21700378,ATL,ORL,Made Shot,True,Pullup Jump shot,3PT Field Goal,Above the Break 3,Right Side Center,RC,24+ ft.,-10.2,27.45,24,1,2,23
147671,2018,2017-18,1610612737,Atlanta Hawks,1627819,Isaiah Taylor,G,PG,12-09-2017,21700378,ATL,ORL,Made Shot,True,Driving Layup Shot,2PT Field Goal,Restricted Area,Center,C,Less Than 8 ft.,0.5,6.25,1,1,2,39
147694,2018,2017-18,1610612737,Atlanta Hawks,1627761,DeAndre' Bembry,F,SF,12-09-2017,21700378,ATL,ORL,Made Shot,True,Driving Finger Roll Layup Shot,2PT Field Goal,Restricted Area,Center,C,Less Than 8 ft.,-0.5,6.55,1,1,3,14
147696,2018,2017-18,1610612753,Orlando Magic,203613,Jonathon Simmons,G,SG,12-09-2017,21700378,ATL,ORL,Missed Shot,False,Driving Layup Shot,2PT Field Goal,In The Paint (Non-RA),Center,C,8-16 ft.,1.4,14.25,9,1,3,31
147703,2018,2017-18,1610612737,Atlanta Hawks,1628463,Tyler Cavanaugh,F,PF,12-09-2017,21700378,ATL,ORL,Missed Shot,False,Jump Shot,3PT Field Goal,Above the Break 3,Center,C,24+ ft.,6.5,29.55,25,1,3,50
147708,2018,2017-18,1610612753,Orlando Magic,203613,Jonathon Simmons,G,SG,12-09-2017,21700378,ATL,ORL,Missed Shot,False,Pullup Jump shot,2PT Field Goal,Mid-Range,Right Side Center,RC,16-24 ft.,-7.3,19.65,16,1,4,2
147738,2018,2017-18,1610612737,Atlanta Hawks,101141,Ersan Ilyasova,F,PF,12-09-2017,21700378,ATL,ORL,Made Shot,True,Running Jump Shot,3PT Field Goal,Left Corner 3,Left Side,L,24+ ft.,22.3,4.45,22,1,4,19
147741,2018,2017-18,1610612753,Orlando Magic,203613,Jonathon Simmons,G,SG,12-09-2017,21700378,ATL,ORL,Missed Shot,False,Driving Layup Shot,2PT Field Goal,In The Paint (Non-RA),Left Side,L,8-16 ft.,5.4,14.05,10,1,4,25
147751,2018,2017-18,1610612737,Atlanta Hawks,203471,Dennis Schroder,G,PG,12-09-2017,21700378,ATL,ORL,Missed Shot,False,Pullup Jump shot,3PT Field Goal,Above the Break 3,Center,C,24+ ft.,6.4,29.85,25,1,4,36
147758,2018,2017-18,1610612753,Orlando Magic,201167,Arron Afflalo,G,SG,12-09-2017,21700378,ATL,ORL,Missed Shot,False,Jump Shot,3PT Field Goal,Above the Break 3,Right Side Center,RC,24+ ft.,-21.1,19.95,25,1,4,48
147765,2018,2017-18,1610612737,Atlanta Hawks,203471,Dennis Schroder,G,PG,12-09-2017,21700378,ATL,ORL,Made Shot,True,Running Layup Shot,2PT Field Goal,Restricted Area,Center,C,Less Than 8 ft.,-0.2,6.65,1,1,4,56
147768,2018,2017-18,1610612753,Orlando Magic,203901,Elfrid Payton,G,PG,12-09-2017,21700378,ATL,ORL,Missed Shot,False,Jump Shot,3PT Field Goal,Above the Break 3,Right Side Center,RC,24+ ft.,-18.3,23.05,25,1,5,6
147777,2018,2017-18,1610612737,Atlanta Hawks,1628463,Tyler Cavanaugh,F,PF,12-09-2017,21700378,ATL,ORL,Made Shot,True,Jump Shot,3PT Field Goal,Above the Break 3,Left Side Center,LC,24+ ft.,16.6,23.55,24,1,5,21
147782,2018,2017-18,1610612753,Orlando Magic,203901,Elfrid Payton,G,PG,12-09-2017,21700378,ATL,ORL,Made Shot,True,Jump Shot,3PT Field Goal,Above the Break 3,Left Side Center,LC,24+ ft.,17.5,22.75,24,1,5,44
147791,2018,2017-18,1610612737,Atlanta Hawks,1627752,Taurean Prince,F,SF,12-09-2017,21700378,ATL,ORL,Missed Shot,False,Jump Shot,3PT Field Goal,Left Corner 3,Left Side,L,24+ ft.,22.3,12.75,23,1,5,57
147796,2018,2017-18,1610612753,Orlando Magic,1628411,Wes Iwundu,F,SF,12-09-2017,21700378,ATL,ORL,Missed Shot,False,Jump Shot,3PT Field Goal,Above the Break 3,Left Side Center,LC,24+ ft.,16.8,24.05,25,1,6,14
147816,2018,2017-18,1610612753,Orlando Magic,1626209,Mario Hezonja,F,SF,12-09-2017,21700378,ATL,ORL,Made Shot,True,Driving Layup Shot,2PT Field Goal,Restricted Area,Center,C,Less Than 8 ft.,-0.9,8.65,3,1,6,48
147826,2018,2017-18,1610612737,Atlanta Hawks,101141,Ersan Ilyasova,F,PF,12-09-2017,21700378,ATL,ORL,Made Shot,True,Jump Shot,3PT Field Goal,Left Corner 3,Left Side,L,24+ ft.,23.1,6.65,23,1,7,11
147843,2018,2017-18,1610612753,Orlando Magic,203613,Jonathon Simmons,G,SG,12-09-2017,21700378,ATL,ORL,Made Shot,True,Alley Oop Dunk Shot,2PT Field Goal,Restricted Area,Center,C,Less Than 8 ft.,0.1,6.45,1,1,7,23
147851,2018,2017-18,1610612753,Orlando Magic,203901,Elfrid Payton,G,PG,12-09-2017,21700378,ATL,ORL,Missed Shot,False,Jump Shot,2PT Field Goal,Mid-Range,Left Side Center,LC,16-24 ft.,8.1,21.05,17,1,7,32
147859,2018,2017-18,1610612737,Atlanta Hawks,101141,Ersan Ilyasova,F,PF,12-09-2017,21700378,ATL,ORL,Made Shot,True,Driving Layup Shot,2PT Field Goal,Restricted Area,Center,C,Less Than 8 ft.,0.5,6.05,0,1,7,41
147866,2018,2017-18,1610612753,Orlando Magic,201167,Arron Afflalo,G,SG,12-09-2017,21700378,ATL,ORL,Made Shot,True,Cutting Layup Shot,2PT Field Goal,Restricted Area,Center,C,Less Than 8 ft.,-0.4,6.35,1,1,7,58
147876,2018,2017-18,1610612737,Atlanta Hawks,101141,Ersan Ilyasova,F,PF,12-09-2017,21700378,ATL,ORL,Made Shot,True,Jump Shot,2PT Field Goal,Mid-Range,Right Side,R,16-24 ft.,-16.3,8.25,16,1,8,12
147885,2018,2017-18,1610612737,Atlanta Hawks,203101,Miles Plumlee,C,C,12-09-2017,21700378,ATL,ORL,Missed Shot,False,Layup Shot,2PT Field Goal,Restricted Area,Center,C,Less Than 8 ft.,2.1,5.75,2,1,8,14
147892,2018,2017-18,1610612753,Orlando Magic,202696,Nikola Vucevic,C,C,12-09-2017,21700378,ATL,ORL,Made Shot,True,Jump Shot,2PT Field Goal,Mid-Range,Center,C,16-24 ft.,2.4,25.35,20,1,8,39
147901,2018,2017-18,1610612737,Atlanta Hawks,1627752,Taurean Prince,F,SF,12-09-2017,21700378,ATL,ORL,Made Shot,True,Pullup Jump shot,2PT Field Goal,Mid-Range,Right Side Center,RC,16-24 ft.,-6.7,24.45,20,1,8,50
147908,2018,2017-18,1610612753,Orlando Magic,203613,Jonathon Simmons,G,SG,12-09-2017,21700378,ATL,ORL,Made Shot,True,Jump Shot,3PT Field Goal,Above the Break 3,Left Side Center,LC,24+ ft.,11.6,27.75,25,1,9,6
147919,2018,2017-18,1610612737,Atlanta Hawks,203471,Dennis Schroder,G,PG,12-09-2017,21700378,ATL,ORL,Missed Shot,False,Jump Shot,3PT Field Goal,Above the Break 3,Left Side Center,LC,24+ ft.,8.5,29.25,25,1,9,19
147925,2018,2017-18,1610612753,Orlando Magic,202696,Nikola Vucevic,C,C,12-09-2017,21700378,ATL,ORL,Missed Shot,False,Turnaround Hook Shot,2PT Field Goal,In The Paint (Non-RA),Left Side,L,8-16 ft.,6.3,13.85,10,1,9,31
147937,2018,2017-18,1610612737,Atlanta Hawks,203145,Kent Bazemore,G,SG,12-09-2017,21700378,ATL,ORL,Missed Shot,False,Pullup Jump shot,2PT Field Goal,Mid-Range,Right Side,R,8-16 ft.,-12.1,9.25,12,1,9,44
147939,2018,2017-18,1610612753,Orlando Magic,203901,Elfrid Payton,G,PG,12-09-2017,21700378,ATL,ORL,Made Shot,True,Pullup Jump shot,2PT Field Goal,Mid-Range,Center,C,16-24 ft.,0.6,22.05,16,1,10,7
147949,2018,2017-18,1610612737,Atlanta Hawks,203471,Dennis Schroder,G,PG,12-09-2017,21700378,ATL,ORL,Missed Shot,False,Pullup Jump shot,2PT Field Goal,Mid-Range,Center,C,16-24 ft.,-4.0,22.95,18,1,10,17
147965,2018,2017-18,1610612737,Atlanta Hawks,101141,Ersan Ilyasova,F,PF,12-09-2017,21700378,ATL,ORL,Made Shot,True,Jump Shot,3PT Field Goal,Above the Break 3,Center,C,24+ ft.,4.9,29.95,25,1,10,41
147969,2018,2017-18,1610612753,Orlando Magic,203613,Jonathon Simmons,G,SG,12-09-2017,21700378,ATL,ORL,Missed Shot,False,Pullup Jump shot,2PT Field Goal,Mid-Range,Center,C,16-24 ft.,-5.9,24.95,20,1,10,51
147974,2018,2017-18,1610612737,Atlanta Hawks,203471,Dennis Schroder,G,PG,12-09-2017,21700378,ATL,ORL,Missed Shot,False,Jump Shot,2PT Field Goal,Mid-Range,Left Side,L,8-16 ft.,12.8,4.15,12,1,11,4
147981,2018,2017-18,1610612753,Orlando Magic,203613,Jonathon Simmons,G,SG,12-09-2017,21700378,ATL,ORL,Missed Shot,False,Driving Floating Jump Shot,2PT Field Goal,In The Paint (Non-RA),Center,C,8-16 ft.,-0.4,17.25,12,1,11,24
147991,2018,2017-18,1610612737,Atlanta Hawks,203145,Kent Bazemore,G,SG,12-09-2017,21700378,ATL,ORL,Made Shot,True,Driving Floating Jump Shot,2PT Field Goal,In The Paint (Non-RA),Center,C,8-16 ft.,-1.4,14.55,9,1,11,41
